{
	"config-nat:interfaces": {
		"ifEntry": [{
				"id": "WAN:0",
				"name": "eth0",
				"type": "L3",
				"ipv4_configuration": {
					"configurationType": "dhcp"
				},
				"management": false
			},
			{
				"id": "LAN:1",
				"name": "eth1",
				"type": "L3",
				"ipv4_configuration": {
					"netmask": "255.255.255.0",
					"address": "192.168.10.1",
					"mac_address": "02:01:02:03:04:05",
					"configurationType": "static"
				},
				"management": false
			},
			{
				"id": "management:2",
				"name": "eth2",
				"type": "L3",
				"ipv4_configuration": {
					"configurationType": "dhcp"
				},
				"management": true
			}
		]
	},
	"config-nat:nat": {
		"public-interface": "WAN:0",
		"private-interface": "LAN:1",
		"floatingIP": []
	}
}
