{
    "ebaf78884c78effbf8a097d0a7f792c836e340adf0c6d442bb8e4de8c7a9d94d": {
        "pubkey": "6694iEx47/v4oJfQp/eSyDbjQK3wxtRCu45N6Mep2U0=",
        "R": "93159644113719761",
        "r": "a"
    },
    "6826d45d4ef2e3bdd7175c3ab24b609d50e918d46e92e7b42ad9906842fe1164": {
        "pubkey": "aCbUXU7y473XF1w6sktgnVDpGNRukue0KtmQaEL+EWQ=",
        "R": "3365870857414572081",
        "r": "public"
    },
    "1a7b86fcb0749a9f720cf39ebabda75e62e4a3ad4680b43c8546a29321b7012d": {
        "pubkey": "GnuG/LB0mp9yDPOeur2nXmLko61GgLQ8hUaikyG3AS0=",
        "R": "9019568927667383903",
        "r": "b"
    },
    "8413a5fa294b3f4a2f47c4a6cf9cd47c62c6235b1e36562a232ea6edbc2a5060": {
        "pubkey": "hBOl+ilLP0ovR8Smz5zUfGLGI1seNlYqIy6m7bwqUGA=",
        "R": "8386166393541733048",
        "r": "c"
    },
    "dd": {
        "pubkey": "SpbAzS7V1yln0fQZT1a5PlzbraDRY0IRJ5AgBTcDVVs=",
        "privkey": "edioj6PUp/29e2sr7Uw33/DkL99rTtsYW93nnF2kHqo=",
        "R": "15455106812178565449"
    }
}