{
    "name": "transcoder",
    "expandable": false,
    "functional-capability": "transcoder",
    "vnf-type":"virtual-machine-kvm",
    "uri-image":"http://selforch.name29.net:8081/v2/nf_image/transcoder",
    "uri-image-type": "remote-file",
    "memory-size":4096,
    "CPUrequirements": {
	"platformType":"x86",
	"socket": [
		{
			"coreNumbers":1
		}
	]
     },
    "ports": [
        {
            "position": "1-1",
            "label": "management",
            "min": "1",
            "ipv4-config": "dhcp",
            "ipv6-config": "none",
            "name": "eth",
	    "technology":"vhost"
        },
        {
            "position": "0-0",
            "label": "Port",
            "min": "1",
            "ipv4-config": "static",
            "ipv6-config": "none",
            "name": "eth",
	    "technology":"vhost"
        }
    ]
}

