{
	"config-dhcp-server:server": {
		"globalIpPool": {
			"gatewayIp": {
				"gatewayAddress": "192.168.0.1",
				"gatewayMask": "255.255.255.0"
			},
			"sections": [{
				"sectionStartIp": "192.168.0.50",
				"sectionEndIp": "192.168.0.253"
			}],
			"defaultLeaseTime": "100",
			"maxLeaseTime": "1000",
			"dns": {
				"primaryServer": "8.8.8.8",
				"domainName": "polito.it"
			}

		},
		"clients": []
	},
	"config-dhcp-server:interfaces": {
		"ifEntry": [{
				"name": "eth0",
				"type": "L3",
				"ipv4_configuration": {
					"configurationType": "dhcp"
				},
				"management": true
			},
			{
				"name": "eth1",
				"type": "L3",
				"ipv4_configuration": {
					"configurationType": "static",
					"address": "192.168.0.2"
				}
			}]		
	}



}
