{
	"config-transcoder:interfaces": {
		"ifEntry": [{
				"id": "Port:1",
				"name": "eth0",
				"type": "L3",
				"ipv4_configuration": {
					"netmask": "255.255.255.0",
					"address": "192.168.10.100",
					"configurationType": "static"
				},
				"management": false
			},
			{
				"id": "management:2",
				"name": "eth1",
				"type": "L3",
				"ipv4_configuration": {
					"address":"192.168.40.10",
					"netmask":"255.255.255.0",
					"gateway":"192.168.40.1",
					"configurationType": "static"
				},
				"management": true
			}
		]
	},
	"config-transcoder:transcoder": {
		"enabled": true,
		"template": "transcoder"
	}
}
